[
  {
    "model": "Honda CB500F",
    "vehicleType": "Motorcycle",
    "engineSize": 471,
    "color": "Red",
    "year": 2023,
    "id": 1
  },
  {
    "model": "Royal Enfield Classic 350",
    "vehicleType": "Motorcycle",
    "engineSize": 346,
    "color": "Black",
    "year": 2024,
    "id": 2
  },
  {
    "model": "Kawasaki Ninja 400",
    "vehicleType": "Motorcycle",
    "engineSize": 392,
    "color": "Green",
    "year": 2022,
    "id": 3
  },
  {
    "model": "Yamaha MT-07",
    "vehicleType": "Motorcycle",
    "engineSize": 689,
    "color": "Blue",
    "year": 2021,
    "id": 4
  },
  {
    "model": "BMW F 850 GS Adventure",
    "vehicleType": "Motorcycle",
    "engineSize": 853,
    "color": "White",
    "year": 2020,
    "id": 5
  },
  {
    "model": "Vespa Primavera 150",
    "vehicleType": "Scooter",
    "engineSize": 150,
    "color": "Yellow",
    "year": 2023,
    "id": 6
  },
  {
    "model": "Yamaha XMAX 300",
    "vehicleType": "Scooter",
    "engineSize": 292,
    "color": "Gray",
    "year": 2024,
    "id": 7
  },
  {
    "model": "Honda PCX 150",
    "vehicleType": "Scooter",
    "engineSize": 149,
    "color": "Blue",
    "year": 2022,
    "id": 8
  },
  {
    "model": "Kymco Like 125",
    "vehicleType": "Scooter",
    "engineSize": 125,
    "color": "White",
    "year": 2021,
    "id": 9
  },
  {
    "model": "Suzuki Burgman 200",
    "vehicleType": "Scooter",
    "engineSize": 200,
    "color": "Black",
    "year": 2020,
    "id": 10
  },
  {
    "model": "Zero FXE",
    "vehicleType": "Electric Motorcycle",
    "battery": 7.2,
    "color": "Orange",
    "year": 2023,
    "id": 11
  },
  {
    "model": "Niu NQi GT Pro",
    "vehicleType": "Electric Scooter",
    "battery": "60V 26Ah",
    "color": "Silver",
    "year": 2024,
    "id": 12
  },
  {
    "model": "Super Soco TC Max",
    "vehicleType": "Electric Scooter",
    "battery": "72V 45Ah",
    "color": "Red",
    "year": 2022,
    "id": 13
  },
  {
    "model": "Piaggio MP3 500 HPE",
    "vehicleType": "Maxi-Scooter",
    "engineSize": 493,
    "color": "Brown",
    "year": 2021,
    "id": 14
  },
  {
    "model": "Sym Crox 200i",
    "vehicleType": "Off-Road Scooter",
    "engineSize": 175,
    "color": "Green",
    "year": 2020,
    "id": 15
  }
]
